# Sensor Street 20, Islamabad, Pakistan (Citizen Science project sensor.community/90109)
# https://aqicn.org/station/@511660/
# Daily pm25
date,min,max,median,q1,q3,stdev,count
2024-11-08T00:00:00.000Z,113.5,153.75,130.25,126,136.75,7.854,170
2024-11-09T00:00:00.000Z,97.75,190.67,134.75,119.25,147,20.781,463
2024-11-10T00:00:00.000Z,96,175.5,131.13,121.5,144.88,16.883,436
2024-11-11T00:00:00.000Z,46.75,213.67,72.67,64.33,124,41.941,463
2024-11-12T00:00:00.000Z,42,183,111.25,84.5,130.75,30.734,371
2024-11-13T00:00:00.000Z,52.25,170.67,97.38,80.5,116.75,28.607,388
2024-11-14T00:00:00.000Z,72.33,233,124,107.88,150.5,32.594,400
2024-11-15T00:00:00.000Z,19.2,406,98.25,44,126.25,71.504,418
2024-11-16T00:00:00.000Z,13.6,221.25,65,50.67,75.75,24.19,537
2024-11-17T00:00:00.000Z,38.67,483.2,67.63,56.67,133.66,99.301,250
2024-11-18T00:00:00.000Z,18.75,526.2,69.5,60.5,99.25,81.25,434
2024-11-19T00:00:00.000Z,12.33,455.6,68.25,57,86.13,72.274,457
2024-11-20T00:00:00.000Z,21,560.6,95.5,61,156.66,70.788,495
2024-11-21T00:00:00.000Z,34,667.8,80.75,65.38,163.71,103.398,480
2024-11-22T00:00:00.000Z,44.25,714.8,116.63,72.88,175.5,116.138,496
2024-11-23T00:00:00.000Z,10.8,654.16,110.67,54.5,185.75,128.566,403
2024-11-24T00:00:00.000Z,12.6,1680.33,63.75,49.67,81.75,90.163,481
2024-11-25T00:00:00.000Z,12.75,4375.8,69.63,57.84,100.63,292.357,424
2024-11-26T00:00:00.000Z,1,936.14,76.13,46.25,168.8,134.069,498
2024-11-27T00:00:00.000Z,17.67,970,87.5,58.25,179.75,179.339,491
2024-11-28T00:00:00.000Z,6,686,128.25,55,225.75,139.319,543
2024-11-29T00:00:00.000Z,35.75,1085.83,97.5,56.5,338.25,177.222,325
2024-11-30T00:00:00.000Z,18,234.5,64.88,60.75,79,33.868,96
2024-12-01T00:00:00.000Z,5,659.4,74,64.25,113.34,80.881,301
2024-12-02T00:00:00.000Z,2.5,476,75,57.25,116.5,64.408,573
2024-12-03T00:00:00.000Z,0,442,44,27.17,57.29,54.796,580
2024-12-04T00:00:00.000Z,0,1375.8,30.33,21.67,49,164.353,583
2024-12-05T00:00:00.000Z,1,1038,48,28.59,90.63,117.702,581
2024-12-06T00:00:00.000Z,1,608.5,46,30.67,72.33,77.942,582
2024-12-07T00:00:00.000Z,2,489.2,62.88,47,93,64.409,574
2024-12-08T00:00:00.000Z,3.5,763.4,113.75,65.75,200.44,148.215,577
2024-12-09T00:00:00.000Z,4.8,960,103.67,53,220.08,210.278,573
2024-12-10T00:00:00.000Z,0.2,1186.5,66.75,47.5,133.75,189.363,563
2024-12-11T00:00:00.000Z,0,1193,103.33,70.84,174.75,164.377,569
2024-12-12T00:00:00.000Z,0,1154,69.38,49,148.4,155.454,574
2024-12-13T00:00:00.000Z,0,1044.33,47.5,28.75,104.38,170.762,549
2024-12-14T00:00:00.000Z,2.75,662.4,89.33,46,197.63,121.185,525
2024-12-15T00:00:00.000Z,1,1092.71,128.5,76.25,222.4,136.153,575
2024-12-16T00:00:00.000Z,1.5,1055,126.21,75.5,294.25,195.748,530
2024-12-17T00:00:00.000Z,8.2,1200,110.84,77.25,201,136.476,550
2024-12-18T00:00:00.000Z,4,1008.86,145,82.25,272.6,164.236,551
2024-12-19T00:00:00.000Z,3,1233.71,88.75,71,162.19,143.837,283
2024-12-20T00:00:00.000Z,5,1207.17,96.25,71.5,166.5,156.522,447
2024-12-21T00:00:00.000Z,2,1025.57,91.25,66.33,173.8,145.496,527
2024-12-22T00:00:00.000Z,5.4,1062.67,145.75,102.75,252.98,139.222,573
2024-12-23T00:00:00.000Z,0,1034.33,79.75,63,188.67,152.913,563
2024-12-24T00:00:00.000Z,12.75,1372.2,162.88,90.75,268.8,179.409,542
2024-12-25T00:00:00.000Z,3.33,1032.57,91.9,64.25,193,168.036,566
2024-12-26T00:00:00.000Z,0,1038.29,112.55,79.75,218.4,136.834,574
2024-12-27T00:00:00.000Z,0,1008.83,68.7,49.5,127.5,110.583,558
2024-12-28T00:00:00.000Z,0,391.17,67.29,48,88.67,53.746,570
2024-12-29T00:00:00.000Z,0,507.2,88.67,64.25,157.75,108.77,466
2024-12-30T00:00:00.000Z,0,1090,151.93,73.25,293.02,169.083,312
2024-12-31T00:00:00.000Z,0.25,1087,85.33,65.5,187.5,166.884,401
2025-01-01T00:00:00.000Z,2.5,1885.83,101.54,69.33,178,131.226,534
2025-01-02T00:00:00.000Z,19.32,400,107.67,70.67,167,60.614,386
2025-01-03T00:00:00.000Z,8,457.33,64.29,48,148.25,73.54,438
2025-01-04T00:00:00.000Z,0.33,524.66,61.75,46.5,105.5,53.468,575
2025-01-05T00:00:00.000Z,6.25,610.29,91,64.5,150.9,96.078,577
2025-01-06T00:00:00.000Z,1,430.6,50.75,28.33,71.33,60.854,579
2025-01-07T00:00:00.000Z,0,541.75,46.75,27,65.75,68.925,579
2025-01-08T00:00:00.000Z,1,632.42,48.67,23.71,63.88,83.132,580
2025-01-09T00:00:00.000Z,0,746,79.25,53.84,180.88,142.019,577
2025-01-10T00:00:00.000Z,0.67,1135.17,68.59,53.42,146.25,198.29,576
2025-01-11T00:00:00.000Z,0.5,400.4,67,54.67,108.68,73.68,489
2025-01-12T00:00:00.000Z,0,463.5,77.38,53,140,83.213,568
2025-01-13T00:00:00.000Z,0,583.4,94.25,65.75,149.25,99.925,519
2025-01-14T00:00:00.000Z,3,406.5,115.6,72.88,171,72.232,401
2025-01-15T00:00:00.000Z,0,456,118.88,69.13,209.54,94.922,576
2025-01-16T00:00:00.000Z,0,505.2,62.59,49,81.7,62.821,576
2025-01-17T00:00:00.000Z,2,553.79,76,60.5,122,88.344,568
2025-01-18T00:00:00.000Z,22.5,552.66,83.25,64.33,134.88,96.673,572
2025-01-19T00:00:00.000Z,10.5,491.67,133,67.75,198.2,98.442,511
2025-01-20T00:00:00.000Z,0,612,60.33,45.5,76.25,73.252,579
2025-01-21T00:00:00.000Z,0,614.5,53.88,37.42,101.13,72.535,584
2025-01-22T00:00:00.000Z,0,407,64.75,45.88,109,63.273,460
2025-01-23T00:00:00.000Z,0,638.42,52,40.75,68.88,68.58,581
2025-01-24T00:00:00.000Z,0,870.14,44.45,27.29,60.17,117.175,576
2025-01-25T00:00:00.000Z,0,1006.83,50,34.25,70.33,133.57,539
2025-01-26T00:00:00.000Z,2,920.57,67,50.33,85.75,95.921,219
2025-01-27T00:00:00.000Z,4,567,68,48,98,90.035,483
2025-01-28T00:00:00.000Z,8,705.67,92,69,146.5,121.115,583
2025-01-29T00:00:00.000Z,1.5,598.16,82.13,64.33,115.4,67.307,582
2025-01-30T00:00:00.000Z,1.5,634.71,55.5,43.67,78,74.285,422
2025-01-31T00:00:00.000Z,0,332.5,47,39.63,76.88,62.263,517
2025-02-01T00:00:00.000Z,0,389.75,55.33,46.25,79.5,46.773,425
2025-02-02T00:00:00.000Z,3.75,754,62,47.5,87.25,67.32,537
2025-02-03T00:00:00.000Z,0,774.5,65.25,43.33,121.25,148.484,578
2025-02-04T00:00:00.000Z,0,743.67,68.75,54.67,106.88,84.502,580
2025-02-05T00:00:00.000Z,1,485.2,67.29,51,119.5,62.92,582
2025-02-06T00:00:00.000Z,10.25,492.8,67.41,54,101.25,59.158,578
2025-02-07T00:00:00.000Z,0,929.17,48.84,35.25,60.5,123.349,540
2025-02-08T00:00:00.000Z,0,745.33,98.67,60.54,196.4,144.751,544
2025-02-09T00:00:00.000Z,10,864.33,92.33,62.74,155.13,148.517,576
2025-02-10T00:00:00.000Z,4,675.67,89.6,62.5,153.5,106.41,579
2025-02-11T00:00:00.000Z,15.75,415.25,62,46.4,88.75,48.254,298
2025-02-12T00:00:00.000Z,0.5,821.17,64.25,47.25,110.25,71.131,515
2025-02-13T00:00:00.000Z,0,893.86,62.5,48.33,95.38,113.309,497
2025-02-14T00:00:00.000Z,9.75,902.5,64.5,52.13,111.1,201.341,305
2025-02-15T00:00:00.000Z,3,669.33,74.65,52.42,145.5,144.699,452
2025-02-16T00:00:00.000Z,10.25,1013.17,60.2,50.5,120.33,140.194,339
2025-02-17T00:00:00.000Z,0,1074.83,112.2,55.8,257.17,257.29,447
2025-02-18T00:00:00.000Z,0,1131.29,64.29,47,108.25,121.749,516
2025-02-19T00:00:00.000Z,0,731,69.2,56.5,159,149.414,579
2025-02-20T00:00:00.000Z,0,723.57,68.75,52.88,133.19,109.747,581
2025-02-21T00:00:00.000Z,0.8,780.5,92.45,51.75,122.9,69.142,572
2025-02-22T00:00:00.000Z,0,553.16,86.63,51.88,157.66,97.884,580
2025-02-23T00:00:00.000Z,0,1250,89.25,59.54,156.78,204.42,581
2025-02-24T00:00:00.000Z,1,721.86,79.75,60,107.25,85.004,579
2025-02-25T00:00:00.000Z,52.5,299,110.33,90.88,130,32.525,421
2025-03-08T00:00:00.000Z,7.25,1172.71,58.75,44.75,93.75,229.484,281
2025-03-09T00:00:00.000Z,21.67,1232.43,58,39.67,104.67,127.677,579
2025-03-10T00:00:00.000Z,2.25,514.71,58.13,41.5,80,67.107,576
2025-03-11T00:00:00.000Z,2,446.86,56,39.42,74.65,61.108,581
2025-03-12T00:00:00.000Z,1.67,474.83,54,42.1,76.58,45.598,572
2025-03-13T00:00:00.000Z,1,724.17,47.25,18,232.85,145.183,397
2025-03-14T00:00:00.000Z,1.8,499.8,52.1,34.5,65.5,80.058,352
2025-03-15T00:00:00.000Z,23.75,50,29,26.63,36.88,8.472,13
2025-03-18T00:00:00.000Z,6,533.57,108.88,36.5,214.89,138.634,68
2025-03-19T00:00:00.000Z,0,435.4,49.25,23,90,74.121,582
2025-03-20T00:00:00.000Z,1.75,476.67,55.17,29,100.46,78.973,576
2025-03-21T00:00:00.000Z,0,577.5,43.13,23.5,61.17,53.382,584
2025-03-22T00:00:00.000Z,0,897.17,49,25.33,72.4,170.217,583
2025-03-23T00:00:00.000Z,0.33,612.86,49.88,34,78.59,87.13,584
2025-03-24T00:00:00.000Z,2,669.67,60,43,88.5,59.323,584
2025-03-25T00:00:00.000Z,8.25,452.33,51,42.33,78.25,59.522,583
2025-03-26T00:00:00.000Z,2,717.83,43,29,61.88,71.445,580
2025-03-27T00:00:00.000Z,6,733.29,49,40.33,84.79,131.402,213
2025-03-28T00:00:00.000Z,0.75,912.14,30.5,15.5,61.83,218.909,448
2025-03-29T00:00:00.000Z,0,660.17,31,19.67,44.67,63.935,578
2025-03-30T00:00:00.000Z,1,844.17,50.38,26.75,74.4,148.646,502
2025-03-31T00:00:00.000Z,3,727.2,31.6,22.33,44.5,83.968,549
2025-04-01T00:00:00.000Z,5.33,500.67,38,30.75,54.5,73.601,231
2025-04-02T00:00:00.000Z,1.75,583.14,56.33,46.75,62,109.795,179
2025-04-03T00:00:00.000Z,0.75,511.33,47.59,39.25,61.33,69.029,578
2025-04-04T00:00:00.000Z,1.6,1112.83,44.59,35.88,63.4,217.758,584
2025-04-05T00:00:00.000Z,6.5,550.4,50,38.25,67,89.413,567
2025-04-06T00:00:00.000Z,8.5,572.79,46.5,32,93.33,80.099,367
2025-04-07T00:00:00.000Z,7,237,53,47.25,68.75,24.084,326
2025-04-08T00:00:00.000Z,2,614.42,51.33,44.33,81.75,92.807,579
2025-04-09T00:00:00.000Z,2.75,560.42,45,35.5,74.67,75.509,578
2025-04-10T00:00:00.000Z,1,508.14,37.75,24.33,57,67.913,582
2025-04-11T00:00:00.000Z,0,587.57,42.75,27.25,54.55,63.057,581
2025-04-12T00:00:00.000Z,0,716.29,42.5,32,63,73.01,583
2025-04-13T00:00:00.000Z,1,405,54,36,76,46.516,566
2025-04-14T00:00:00.000Z,2.5,458.75,54.75,44.25,72.63,67.767,581
2025-04-15T00:00:00.000Z,5.5,444.86,63,50.67,88.5,51.618,570
2025-04-16T00:00:00.000Z,3,616,54.75,46.75,81,109.317,551
2025-04-17T00:00:00.000Z,1.5,554.14,62,44,81.41,61.842,584
2025-04-18T00:00:00.000Z,0,487.83,42.71,32.13,86.88,82.452,580
2025-04-19T00:00:00.000Z,0,792.17,50.36,32,70.25,106.188,500
2025-04-20T00:00:00.000Z,8,587.16,49.25,39,71.33,73.091,583
2025-04-21T00:00:00.000Z,2.75,500,47.75,37,61,36.998,582
2025-04-22T00:00:00.000Z,3.2,736.6,51.9,34.9,84,97.368,576
2025-04-23T00:00:00.000Z,0,587.42,61.84,40,112.5,96.27,582
2025-04-24T00:00:00.000Z,0,555.83,47.5,30,78,81.386,583
2025-04-25T00:00:00.000Z,0.25,558.6,45,31.88,58.88,45.655,577
2025-04-26T00:00:00.000Z,4.33,540.6,46,34.75,61.25,49.296,583
2025-04-27T00:00:00.000Z,1,513.79,69.25,49,116.88,60.224,585
2025-04-28T00:00:00.000Z,0,511,62.5,50.5,93.5,65.459,583
2025-04-29T00:00:00.000Z,0.75,436.67,92.5,57.33,125,59.208,583
2025-04-30T00:00:00.000Z,2.67,459.2,85,65.75,116.5,50.768,583
2025-05-01T00:00:00.000Z,0,625.75,67.25,7.88,105.45,69.087,561
2025-05-02T00:00:00.000Z,0,554.25,0,0,6,70.055,493
2025-05-03T00:00:00.000Z,0,322.33,0,0,5.38,29.984,485
2025-05-04T00:00:00.000Z,0,181.5,1.5,0,7,22.965,583
2025-05-05T00:00:00.000Z,0,120,0.33,0,4,11.996,580
2025-05-06T00:00:00.000Z,0,70.67,0.59,0,4.5,9.176,584
2025-05-07T00:00:00.000Z,0,50.25,0,0,3,6.234,217
2025-05-14T00:00:00.000Z,3177.2,3448.2,3253.78,3240.8,3308.8,53.444,294
2025-05-27T00:00:00.000Z,0,174,18.55,12,28.25,23.463,970
2025-05-28T00:00:00.000Z,0,171.25,17.6,11,46.8,27.842,1369
2025-05-29T00:00:00.000Z,0,53.4,19.8,10.5,27.1,10.284,1369
2025-05-30T00:00:00.000Z,2,181,14,10.75,19.75,12.206,1370
2025-05-31T00:00:00.000Z,0,274.75,24.38,14.75,35.25,26.544,1354
2025-06-01T00:00:00.000Z,1.4,237,30,17,43.2,28.938,1369
2025-06-02T00:00:00.000Z,2,304.25,16.6,13.8,22.75,35.23,1270
2025-06-03T00:00:00.000Z,0,74.2,16,12.6,26.5,12.231,1368
2025-06-04T00:00:00.000Z,2.25,79.8,25.5,19.39,32.5,8.73,1346
2025-06-05T00:00:00.000Z,13,490,31.6,27,51.8,47.768,1292
2025-06-06T00:00:00.000Z,0,322.25,42,32.2,55.8,36.925,1367
2025-06-07T00:00:00.000Z,0,207.75,27,15.75,35,25.455,1362
2025-06-08T00:00:00.000Z,2.5,356.75,23.5,15.2,47.6,40.826,1354
2025-06-09T00:00:00.000Z,0,426.8,42,25.8,54,55.188,1363
2025-06-10T00:00:00.000Z,0.6,456.6,35.75,25.4,48.8,31.351,1359
2025-06-11T00:00:00.000Z,3.75,254.5,36.5,28.2,44.75,23.619,1333
2025-06-12T00:00:00.000Z,0,323.5,38.5,28.3,47.33,29.579,1209
2025-06-13T00:00:00.000Z,3.5,183.75,37.75,29.6,45.33,19.743,1361
2025-06-14T00:00:00.000Z,4.2,232.75,37.75,31.4,42.8,10.749,1366
2025-06-15T00:00:00.000Z,3.8,254.75,38,28.25,41.25,18.383,859
2025-06-16T00:00:00.000Z,0,67.6,35.63,29.4,41.75,7.658,1040
2025-06-17T00:00:00.000Z,2.4,95.2,38,32.6,41.6,7.474,1362
2025-06-18T00:00:00.000Z,16.25,68.8,42.75,39.4,48.25,5.728,1366
2025-06-19T00:00:00.000Z,14,86,48.5,42,55.6,7.925,1364
2025-06-20T00:00:00.000Z,28.6,83.2,50,46.5,56.6,7.402,1273
2025-06-21T00:00:00.000Z,10.5,100.4,46.13,31.75,49.75,12.709,1076
2025-06-22T00:00:00.000Z,4.4,49.5,32.5,27.8,36.5,6.947,1221
2025-06-23T00:00:00.000Z,15.4,78.8,44.5,35,51.25,9.225,1362
2025-06-24T00:00:00.000Z,26.25,75.59,50.25,47.75,54,6.18,1366
2025-06-25T00:00:00.000Z,0,65.2,34.25,19.2,42.75,13.389,1364
2025-06-26T00:00:00.000Z,3.4,342.5,36,28,46.5,35.294,1366
2025-06-27T00:00:00.000Z,9.8,51,31.5,28.25,35,6.609,1357
2025-06-28T00:00:00.000Z,27.2,266.25,48.25,44.75,52.8,27.598,1368
2025-06-29T00:00:00.000Z,5.5,95.5,38.6,21.6,49.25,16.685,1363
2025-06-30T00:00:00.000Z,3.5,43,37.2,23.5,39,10.467,842
2025-07-09T00:00:00.000Z,0,30.25,11.4,7.8,16,5.439,1043
2025-07-10T00:00:00.000Z,0,59.6,16,13.4,19,5.283,1342
2025-07-11T00:00:00.000Z,7.4,237.5,28.75,21.2,32.75,22.076,1346
2025-07-12T00:00:00.000Z,7,48.5,33.75,27,37.5,6.79,1349
2025-07-13T00:00:00.000Z,1.75,109.25,23,12,39.75,14.944,1345
2025-07-14T00:00:00.000Z,0.75,100,30,24.6,34,12.16,1346
2025-07-15T00:00:00.000Z,3.5,170.25,31.5,22.5,36.75,16.004,1348
2025-07-16T00:00:00.000Z,2.6,197.75,14.5,9.8,21,14.773,1368
2025-07-17T00:00:00.000Z,3,248.25,39.88,24.75,45.2,36.248,1302
2025-07-18T00:00:00.000Z,10.8,346.4,43.25,29.5,51,35.026,1368
2025-07-19T00:00:00.000Z,1,204.25,39.5,35,43.75,21.178,1367
2025-07-20T00:00:00.000Z,9.75,126.5,43.4,38,48,7.369,1351
2025-07-21T00:00:00.000Z,2,53.25,35.75,32,41,7.572,1346
2025-07-22T00:00:00.000Z,0,37,12.75,7.8,15.5,5.619,1368
2025-07-23T00:00:00.000Z,1,70.59,12.5,8.2,25,12.349,1367
2025-07-24T00:00:00.000Z,3.8,141,25,16.8,31.25,15.903,1368
2025-07-25T00:00:00.000Z,4.25,178.25,32,24.2,39.75,18.92,1370
2025-07-26T00:00:00.000Z,3.2,96.2,36.75,33.2,39.6,6.18,1372
2025-07-27T00:00:00.000Z,13,177.67,42.5,39.4,44.5,9.455,1365
2025-07-28T00:00:00.000Z,17,92.8,44.5,39.4,49,7.79,1350
2025-07-29T00:00:00.000Z,1.5,90.6,32.4,28.8,37.75,10.692,1358
2025-07-30T00:00:00.000Z,1.25,32.25,13.75,9.6,18.25,5.448,1366
2025-07-31T00:00:00.000Z,0,138.33,23.5,17.39,33.25,11.05,1349
2025-08-01T00:00:00.000Z,0,69.4,31.5,28.25,37.75,10.108,1365
2025-08-02T00:00:00.000Z,2,216.75,22.4,13.75,29.2,11.62,1331
2025-08-03T00:00:00.000Z,0.25,83,29.25,26,33.5,10.035,1367
2025-08-04T00:00:00.000Z,2.2,43,28.8,23,34.5,7.691,1340
2025-08-05T00:00:00.000Z,0.75,40.5,30.5,28.4,32.2,8.221,1345
2025-08-06T00:00:00.000Z,1.5,185,17.1,10.8,22.75,11.557,1296
2025-08-07T00:00:00.000Z,0,389.4,23.5,16.8,29,16.841,1343
2025-08-08T00:00:00.000Z,0.75,87.6,35,23.25,41.75,13.673,1335
2025-08-09T00:00:00.000Z,0,180,39,32,45.75,21.374,1265
2025-08-10T00:00:00.000Z,6.25,256.75,39.75,36.25,43.75,24.506,1326
2025-08-11T00:00:00.000Z,5.8,92.8,34.5,32,36.79,5.363,1333
2025-08-12T00:00:00.000Z,15.75,48.5,40.25,38,42.5,3.578,1351
2025-08-13T00:00:00.000Z,9.5,270,38.5,31.25,44,10.55,1333
2025-08-14T00:00:00.000Z,14.25,60.2,34.5,31.25,39,7.813,1307
2025-08-15T00:00:00.000Z,1.4,117,34,19.88,39.25,16.068,1217
2025-08-16T00:00:00.000Z,13.25,152,43,37.75,55.5,14.528,1344
2025-08-17T00:00:00.000Z,2,98.5,27.4,19.2,37.75,12.391,1359
2025-08-18T00:00:00.000Z,3,57.6,15,9.6,39,16.175,443
2025-09-07T00:00:00.000Z,9,47.8,21.63,15.5,27,6.917,148
2025-09-08T00:00:00.000Z,2.5,110,30,18.75,38,15.158,626
2025-09-09T00:00:00.000Z,0,137.33,37.5,25.75,46.75,15.433,1317
2025-09-10T00:00:00.000Z,2.8,161,28.75,21.5,40.63,18.979,1241
2025-09-11T00:00:00.000Z,1.6,210.75,33.5,23.2,37,10.51,1267
2025-09-12T00:00:00.000Z,8,110.4,41.75,37.25,46.13,8.521,1356
2025-09-13T00:00:00.000Z,20.39,123.75,44,39.25,46.25,7.851,1367
2025-09-14T00:00:00.000Z,9.25,168,43.25,37,45.5,13.596,1364
2025-09-15T00:00:00.000Z,10.25,101,37,30.8,42.5,8.949,1134
2025-09-16T00:00:00.000Z,2.4,95,31.6,23.2,36.25,9.345,1351
2025-09-17T00:00:00.000Z,16.8,144.33,36,33.5,39.5,10.69,1361
2025-09-18T00:00:00.000Z,0.2,153.25,36.13,15,42.75,17.315,1362
2025-09-19T00:00:00.000Z,0,504.2,35.75,30.5,41,37.012,1335
2025-09-20T00:00:00.000Z,12,248,33.75,29.75,50.8,30.771,1100
2025-09-21T00:00:00.000Z,5.75,151,38.75,34.79,45.5,16.303,1298
2025-09-22T00:00:00.000Z,4.59,115.25,38.75,31.4,44.13,12.857,1005
2025-09-23T00:00:00.000Z,4.25,107,40.25,35.8,44.38,7.524,1352
2025-09-24T00:00:00.000Z,12,160.66,39.75,36,45.63,19.946,1337
2025-09-25T00:00:00.000Z,0,50.8,29.1,20.5,35,9.483,1342
2025-09-26T00:00:00.000Z,3.6,195.75,31,20.5,41.8,21.158,1332
2025-09-27T00:00:00.000Z,2,239,44.8,30.8,70,38.17,1354
2025-09-28T00:00:00.000Z,7.75,274.5,36.75,32.5,49.2,37.776,1341
2025-09-29T00:00:00.000Z,11,323,40.75,36.75,51.8,42.431,1354
2025-09-30T00:00:00.000Z,0,185.25,43,34,48.4,26.08,1313
2025-10-01T00:00:00.000Z,15.25,127,45.5,39.75,50,9.86,1254
2025-10-02T00:00:00.000Z,0,207.5,41.75,36.5,49.6,24.024,1293
2025-10-03T00:00:00.000Z,3,384.8,37.63,20.25,59,32.851,1298
2025-10-04T00:00:00.000Z,13.75,249.25,45,38.64,52.2,23.365,1344
2025-10-05T00:00:00.000Z,0,59.8,20.39,9,31.25,12.301,1348
2025-10-06T00:00:00.000Z,2,75,15.8,11,23.2,9.012,1353
2025-10-07T00:00:00.000Z,3,213.25,27.75,17,50.6,31.655,1339
2025-10-08T00:00:00.000Z,0,245,37.2,21,56.78,36.959,1352
2025-10-09T00:00:00.000Z,4.25,181,43,28,53,24.217,1347
2025-10-10T00:00:00.000Z,13.5,249.25,50.7,39.1,63.4,34.245,1348
2025-10-11T00:00:00.000Z,7.5,460.8,68,37.5,120.33,71.155,1351
2025-10-12T00:00:00.000Z,13.5,401,47.4,35.5,94.33,49.891,1335
2025-10-13T00:00:00.000Z,7.25,324.67,43.6,36.8,57.25,44.501,1352
2025-10-14T00:00:00.000Z,3.6,315,53,47,59.8,34.239,1281
2025-10-15T00:00:00.000Z,21,337.2,59.2,44.5,83.75,49.073,1262
2025-10-16T00:00:00.000Z,23.5,268.5,75.25,47,103.33,39.813,1119
2025-10-17T00:00:00.000Z,22,622,78.2,64,121,51.595,1307
2025-10-18T00:00:00.000Z,8.4,383.6,68.8,52.4,87.75,58.344,1331
2025-10-19T00:00:00.000Z,19,521,65,53.4,95.67,67.103,1355
2025-10-20T00:00:00.000Z,20.25,646.16,57.8,52,120.33,72.003,1362
2025-10-21T00:00:00.000Z,13,383.6,74.25,48.8,105.67,47.883,1362
2025-10-22T00:00:00.000Z,14.5,337.75,58,47.8,86,53.155,1355
2025-10-23T00:00:00.000Z,13,758.17,57.6,49,88.33,51.433,1359
2025-10-24T00:00:00.000Z,4,473.8,74.25,47.55,133.38,79.826,1360
2025-10-25T00:00:00.000Z,15,412.25,66,47,130.29,59.999,1356
2025-10-26T00:00:00.000Z,26.8,568,59,46.6,116.17,59.91,1369
2025-10-27T00:00:00.000Z,13.2,272.75,82,51.4,109,37.744,1302
2025-10-28T00:00:00.000Z,22.67,313.25,81,59.8,113.67,43.522,1367
2025-10-29T00:00:00.000Z,39.75,624.2,98,78.55,138.66,66.73,1365
2025-10-30T00:00:00.000Z,9.25,367,100.17,64,129,62.554,1362
2025-10-31T00:00:00.000Z,8.25,496.2,85.33,63.5,167.75,75.147,1363
2025-11-01T00:00:00.000Z,40.79,366.5,119.67,90,157,60.946,1363
2025-11-02T00:00:00.000Z,34,627.66,102.84,76.67,136.75,68.023,1362
2025-11-03T00:00:00.000Z,26.5,366,90.67,74.5,144.75,69.273,1362
2025-11-04T00:00:00.000Z,33.75,165,67.75,57.75,86.23,24.704,1360
2025-11-05T00:00:00.000Z,12.6,633.4,50,39.79,63.25,78.763,1355
2025-11-06T00:00:00.000Z,7.5,523.75,62.67,38.79,88.17,48.152,1356
2025-11-07T00:00:00.000Z,8.6,405.8,73.33,51.1,141,68.447,1361
2025-11-08T00:00:00.000Z,17.5,535.5,95,61.67,164,85.662,1209
2025-11-09T00:00:00.000Z,10,547.2,64.33,52.6,131.25,73.327,1355
2025-11-10T00:00:00.000Z,29,645.33,95.5,77.33,142.75,75.086,1355
2025-11-11T00:00:00.000Z,35.2,716.5,119.25,61.8,166.25,110.492,1061
2025-11-12T00:00:00.000Z,13.2,421.5,91.25,59.8,143,62.776,1061
2025-11-13T00:00:00.000Z,2,607.2,95,70,137.75,81.643,1302
2025-11-14T00:00:00.000Z,1,524,101.88,78.38,167,92.112,1352
2025-11-15T00:00:00.000Z,35.4,509.17,149,106.75,207.25,93.135,1170
2025-11-16T00:00:00.000Z,20.25,628.6,102,83,171.25,87.088,1361
2025-11-17T00:00:00.000Z,28,634,111.5,89.25,153.25,80.072,1360
2025-11-18T00:00:00.000Z,43.4,697.5,141.25,106.33,231.25,116.62,1360
2025-11-19T00:00:00.000Z,52.75,697.67,143.25,107.25,289.25,128.737,1355
2025-11-20T00:00:00.000Z,46.25,496.75,179,121.33,255,88.024,1307
2025-11-21T00:00:00.000Z,46.75,514,146,112.5,214.63,73.432,1349
2025-11-22T00:00:00.000Z,35,477.6,156.63,94,203.25,73.195,1366
2025-11-23T00:00:00.000Z,31.4,578,163.75,99,249.5,110.62,1113
2025-11-24T00:00:00.000Z,47,711.2,164.75,120,293.25,120.925,1030
2025-11-25T00:00:00.000Z,41.25,761.2,111,93,166,100.107,1373
2025-11-26T00:00:00.000Z,22.67,753.2,140,103,239.5,126.842,1367
2025-11-27T00:00:00.000Z,74.33,763.5,152,115.75,242.25,115.133,1363
2025-11-28T00:00:00.000Z,9.75,593.79,156.75,116.33,239.75,94.419,1358
2025-11-29T00:00:00.000Z,50,606.66,160.5,136.25,233.88,100.962,1361
2025-11-30T00:00:00.000Z,46,670.2,139.5,92.33,231.25,104.613,1361
2025-12-01T00:00:00.000Z,57.25,730,151.75,104.42,248,119.724,1361
2025-12-02T00:00:00.000Z,42,648,146,100,218.63,114.646,1361
2025-12-03T00:00:00.000Z,61.25,763,177.63,146.5,228.75,101.95,1358
2025-12-04T00:00:00.000Z,66.33,660.17,155.88,123.63,223.25,91.305,1352
2025-12-05T00:00:00.000Z,53.6,642,177.75,137.75,287.75,123.876,1351
2025-12-06T00:00:00.000Z,32.6,847.2,118.75,76.59,164.25,87.307,1361
2025-12-07T00:00:00.000Z,13.33,710.17,103.34,66,143.38,106.395,1364
2025-12-08T00:00:00.000Z,45.25,614.5,132.5,97,170,78.311,1361
2025-12-09T00:00:00.000Z,43.4,481.25,122,97.25,146.25,60.312,1359
2025-12-10T00:00:00.000Z,18.75,519,131.38,90.75,193.5,78.845,1358
2025-12-11T00:00:00.000Z,25.6,598.4,134.75,108,190.75,91.017,1350
2025-12-12T00:00:00.000Z,52,691,222.25,163.88,305.25,110.512,1356
2025-12-13T00:00:00.000Z,84.25,614.6,153.25,130,216.88,87.873,1369
2025-12-14T00:00:00.000Z,78.67,788.2,190.5,142.75,288.25,112.67,1342
2025-12-15T00:00:00.000Z,72.25,622.75,188.88,146.13,267.63,92.158,1356
2025-12-16T00:00:00.000Z,49,609.79,159.5,134.38,192.38,82.057,1365
2025-12-17T00:00:00.000Z,60,725.2,201.25,141,280.5,117.483,1355
2025-12-18T00:00:00.000Z,86,896.83,216.75,193.75,264.5,79.581,1355
2025-12-19T00:00:00.000Z,59.5,768.6,208.5,174.25,264.75,108.427,1367
2025-12-20T00:00:00.000Z,105.25,619,220,163.38,301.88,110.353,1364
2025-12-21T00:00:00.000Z,53.25,486.75,125.75,100.33,152,49.679,1368
2025-12-22T00:00:00.000Z,2.6,302.25,73.5,42.8,115.25,53.418,1366
2025-12-23T00:00:00.000Z,5.2,99.25,44.25,34,49.5,10.839,1363
2025-12-24T00:00:00.000Z,2.6,275,53,38.45,71.84,31.843,1365
2025-12-25T00:00:00.000Z,15,601.79,87,60,142.25,98.882,1358
2025-12-26T00:00:00.000Z,38.75,942,137.25,84.5,194,94.587,1348
2025-12-27T00:00:00.000Z,41.33,688.33,147.25,120.25,189.5,77.305,1367
2025-12-28T00:00:00.000Z,54.67,808.2,169.13,121.75,226,99.647,1368
2025-12-29T00:00:00.000Z,82,667.17,203.75,159.38,316.5,109.952,1357
2025-12-30T00:00:00.000Z,47.33,462.8,184.75,157.75,214.25,58.563,1350
2025-12-31T00:00:00.000Z,1,668.8,137.5,94.13,226,98.475,1341
2026-01-01T00:00:00.000Z,31.25,346,107.25,74.67,143.38,61.76,1357
2026-01-02T00:00:00.000Z,14.4,484.25,84.5,58.67,123.5,67.221,1341
2026-01-03T00:00:00.000Z,8.25,605.6,107,89.75,136,93.003,1325
2026-01-04T00:00:00.000Z,0,355.5,108,95,138.5,49.047,1308
2026-01-05T00:00:00.000Z,61.5,616.66,129.5,107.75,189.75,89.25,1206
2026-01-06T00:00:00.000Z,48.25,495.6,125,104.75,158,57.806,1303
2026-01-07T00:00:00.000Z,33.79,709.2,105.5,85.88,143.38,95.176,1253
2026-01-08T00:00:00.000Z,48.5,816.17,130,97.67,217.38,127.719,1261
2026-01-09T00:00:00.000Z,45,409.2,107.5,76,159.25,75.688,1274
2026-01-10T00:00:00.000Z,46.25,646.75,132.5,101.25,240,107.67,1291
2026-01-11T00:00:00.000Z,43.67,808,152.75,112.38,202.63,97.108,1269
2026-01-12T00:00:00.000Z,38.5,761.4,206.5,149.13,262.5,108.454,1245
2026-01-13T00:00:00.000Z,39.79,715,166.75,131,235.5,135.156,1315
2026-01-14T00:00:00.000Z,25.8,642.6,156.75,113.29,194.75,106.278,1332
2026-01-15T00:00:00.000Z,32,737.4,175.38,142,269.75,95.792,1342
2026-01-16T00:00:00.000Z,63.67,790,133.38,115.42,185.38,107.278,1260
2026-01-17T00:00:00.000Z,51,834.6,176.25,101.33,239,107.148,1283
2026-01-18T00:00:00.000Z,23,766.4,143.38,99.34,191.25,107.905,1248
2026-01-19T00:00:00.000Z,36.75,789.2,130.75,88.59,229.5,109.975,1301
2026-01-20T00:00:00.000Z,49.33,580.79,130.75,95,194.25,99.723,1313
2026-01-21T00:00:00.000Z,1.2,838.6,121.13,89.33,186,130.508,1074
2026-01-22T00:00:00.000Z,8,311.25,56.67,42.78,101.13,53.623,1181
2026-01-23T00:00:00.000Z,6.4,330,41.71,36,55,39.75,1074
2026-01-24T00:00:00.000Z,1,529.6,45,35.25,57.67,55.595,1284
2026-01-25T00:00:00.000Z,19.2,359,54.33,46,61.33,24.466,1163
2026-01-26T00:00:00.000Z,19.39,546.2,77.88,59.5,130,70.687,1304
2026-01-27T00:00:00.000Z,5,334.25,56,42.33,69.16,34.743,1296
2026-01-28T00:00:00.000Z,23.2,625.33,101.25,62.67,132.13,74.561,909
2026-01-29T00:00:00.000Z,36,767.33,88,65.29,114.25,69.859,1185
2026-01-30T00:00:00.000Z,33.75,565.6,120.75,95,145.5,66.883,1102
2026-01-31T00:00:00.000Z,31.5,520,94.29,77.75,178.75,93.761,1206
2026-02-01T00:00:00.000Z,12.4,492.4,120.59,84.59,187.38,70.219,1336
2026-02-02T00:00:00.000Z,32.8,525.8,110.5,85.67,137.5,89.641,1343
2026-02-03T00:00:00.000Z,15.8,530,81,56.2,142.25,72.451,1350
2026-02-04T00:00:00.000Z,2.2,543,69.33,50.4,86.25,76.781,1347
2026-02-05T00:00:00.000Z,13.6,517.2,73.84,54.1,146.13,90.632,1352
2026-02-06T00:00:00.000Z,3,747,61.33,49,84.67,103.231,1367
2026-02-07T00:00:00.000Z,4.8,197.5,49.75,32.5,76,29.91,1347
2026-02-08T00:00:00.000Z,4,580.8,81.88,42.58,101.71,75.693,1348
2026-02-09T00:00:00.000Z,26.67,682,87,64,136.75,86.824,1352
2026-02-10T00:00:00.000Z,21.67,289.75,63,54.5,81.67,36.849,1352
2026-02-11T00:00:00.000Z,4.2,548.66,50.25,35.4,61.67,86.31,1365
2026-02-12T00:00:00.000Z,8.19,513,56.17,43.4,84.67,65.465,1366
2026-02-13T00:00:00.000Z,22.2,470.4,62.4,50.75,121.25,85,1355
2026-02-14T00:00:00.000Z,9.5,699.4,81.67,52,105.75,74.987,1356
2026-02-15T00:00:00.000Z,11.75,1418.83,86,54,129.88,82.193,1320
2026-02-16T00:00:00.000Z,10.25,531,89.33,57.6,133.5,78.971,1362
2026-02-17T00:00:00.000Z,25,495.5,110.13,71.5,136,72.146,1372
2026-02-18T00:00:00.000Z,32.2,464.6,88.33,62.75,148.75,79.981,1363
2026-02-19T00:00:00.000Z,14.33,453.75,90.25,61,162.25,67.116,1343
2026-02-20T00:00:00.000Z,6.6,852.83,104.5,67.45,132.5,80.254,1357
2026-02-21T00:00:00.000Z,13.6,528.79,103.88,68.4,155,76.457,1358
2026-02-22T00:00:00.000Z,27,656.4,84.88,58.75,134.25,70.481,1354
2026-02-23T00:00:00.000Z,32.79,505,102,70,160.25,75.75,1352
2026-02-24T00:00:00.000Z,2.5,498.2,97,69.63,147.88,67.584,1353
2026-02-25T00:00:00.000Z,27.67,352.25,100.33,64,157.38,62.148,1256
2026-02-26T00:00:00.000Z,31.75,406.75,72.78,53.5,136.88,73.421,1356
2026-02-27T00:00:00.000Z,1.4,436,73.67,51.6,113,57.778,1310
2026-02-28T00:00:00.000Z,14.8,463,62.33,47.6,102.67,65.411,1347
2026-03-01T00:00:00.000Z,16,293,59.67,38.1,102.29,52.477,1360
2026-03-02T00:00:00.000Z,1.2,361,44,35,63.88,44.234,1353
2026-03-03T00:00:00.000Z,1,389,53.6,44.6,93.67,52.439,1339
2026-03-04T00:00:00.000Z,20.25,324.75,78.33,54.4,100.67,39.037,1256
2026-03-05T00:00:00.000Z,8.25,560.4,67,43.4,93.33,48.965,1357
2026-03-06T00:00:00.000Z,3.6,282,54.8,49.4,70.59,31.207,1348
2026-03-07T00:00:00.000Z,32.4,385.8,86,72,114.25,48.577,1237
2026-03-08T00:00:00.000Z,17.75,304,68.4,44.8,109.84,59.764,1244
2026-03-09T00:00:00.000Z,6.4,242.5,40.5,31.25,53.1,39.638,845
2026-03-10T00:00:00.000Z,1,312.75,71.88,53.55,99.67,45.047,1340
2026-03-11T00:00:00.000Z,10,186.5,45,35.25,61,20.837,1163
2026-03-12T00:00:00.000Z,12.8,459.67,46.8,30,58,40.751,1326
2026-03-13T00:00:00.000Z,1,347.5,28.6,17.3,48,40.226,1261
2026-03-14T00:00:00.000Z,1.75,263.25,45.8,23.9,56,33.31,1348
2026-03-15T00:00:00.000Z,0.8,60.2,19.8,15.8,24.2,7.612,1147
2026-03-16T00:00:00.000Z,2.2,217.5,22,13.4,48.55,31.226,1304
2026-03-17T00:00:00.000Z,1.75,257,42,28.75,61.33,34.425,1167
2026-03-18T00:00:00.000Z,2,482.6,27.4,19.2,43.63,39.246,1152
2026-03-19T00:00:00.000Z,10.5,193.5,48.55,43.6,54.5,18.083,1280
2026-03-20T00:00:00.000Z,4.8,143.75,33,24.55,41.25,21.437,1228
2026-03-21T00:00:00.000Z,7,368,39.79,33.25,50.23,46.355,1217
2026-03-22T00:00:00.000Z,3.25,176.75,40.2,27.75,56,24.537,1276
2026-03-23T00:00:00.000Z,0,205,30.2,23,39.2,30.132,1327
2026-03-24T00:00:00.000Z,0,234.75,35.4,19.75,46,32.302,1241
2026-03-25T00:00:00.000Z,5.2,242.5,29.25,18.2,42.2,30.729,1254
2026-03-26T00:00:00.000Z,4,157.5,29.8,23.75,40.5,11.909,1304
2026-03-27T00:00:00.000Z,2.4,216.5,29.8,13.6,45.2,29.195,1117
2026-03-28T00:00:00.000Z,3,155.25,27.25,19.45,34,15.938,1353
2026-03-29T00:00:00.000Z,1,195,25.25,11.8,37.8,17.755,1311
2026-03-30T00:00:00.000Z,0,68.75,25.4,17.68,31.8,11.675,1349
2026-03-31T00:00:00.000Z,0,178.5,37,17.75,45.6,21.921,1359
2026-04-01T00:00:00.000Z,3.6,233.25,42,31.78,50.8,31.353,1348
2026-04-02T00:00:00.000Z,4.5,211,41.78,32.79,50,24.416,1356
2026-04-03T00:00:00.000Z,0,179.75,14,9.25,27.4,20.711,1361
2026-04-04T00:00:00.000Z,0.25,220,16.39,9,27.8,16.594,1360
2026-04-05T00:00:00.000Z,1.5,223.5,23.1,14,34.6,21.846,1366
2026-04-06T00:00:00.000Z,0,414.5,19.45,14.4,29.1,39.511,1348
2026-04-07T00:00:00.000Z,0,116.33,20.6,13.6,26.6,10.071,1365
2026-04-08T00:00:00.000Z,0,176.25,18.2,10.8,44.25,29.622,1363
2026-04-09T00:00:00.000Z,3,163.25,30,11,48.55,25.425,1304
2026-04-10T00:00:00.000Z,0.75,184,22,14.2,34,15.923,1359
2026-04-11T00:00:00.000Z,1.4,96.67,25,16,37.79,13.945,1353
2026-04-12T00:00:00.000Z,3,482.25,37.4,18,49.4,37.613,1363
2026-04-13T00:00:00.000Z,1,301.25,40.7,26,57.5,32.576,1302
2026-04-14T00:00:00.000Z,8,261.75,49.2,24,72.75,39.739,1289
2026-04-15T00:00:00.000Z,4,208.75,37.6,20.5,56.6,33.75,1001
2026-04-16T00:00:00.000Z,1,192.75,20.75,14.5,29.75,19.064,1227
2026-04-17T00:00:00.000Z,2.25,74.25,22.4,13.75,30.8,11.241,1361
2026-04-18T00:00:00.000Z,0,148.5,19.6,12.75,30.6,15.167,1359
2026-04-19T00:00:00.000Z,0,122.67,36.2,15.5,44.6,20.043,1358
2026-04-20T00:00:00.000Z,0.2,253.75,27.25,14.8,43,30.281,1335
2026-04-21T00:00:00.000Z,4,229,37.5,18,51.2,30.931,1359
2026-04-22T00:00:00.000Z,1.4,619.6,25,15.4,55.6,49.705,1231
2026-04-23T00:00:00.000Z,0,135.33,21,17.25,29.75,10.695,1292
2026-04-24T00:00:00.000Z,2,70.2,18,14.5,24.5,7.012,1302
2026-04-25T00:00:00.000Z,3.4,112,23.5,13,33.5,13.743,1310
2026-04-26T00:00:00.000Z,0,199,28.5,14,43,20.596,1363
2026-04-27T00:00:00.000Z,0,577.2,29.4,23,46.4,55.84,1339
2026-04-28T00:00:00.000Z,1,63.4,21.25,12.68,29.1,10.102,1357
2026-04-29T00:00:00.000Z,0,75.5,21.25,8.6,32.25,14.547,1365
2026-04-30T00:00:00.000Z,5.2,101,20,15.25,30.25,11.069,1354
2026-05-01T00:00:00.000Z,0.8,228,40.2,24,54.6,26.212,1344
2026-05-02T00:00:00.000Z,0,197,19.2,13.25,29.55,24.461,1356
2026-05-03T00:00:00.000Z,1.8,105,29.78,11.4,44.2,20.622,1346
2026-05-04T00:00:00.000Z,0,252.25,33.79,18.75,45.9,24.841,1337
2026-05-05T00:00:00.000Z,0,253.25,32,11.4,43.4,32.208,1331
2026-05-06T00:00:00.000Z,0,189.75,30.75,19,40.2,16.583,1360
2026-05-07T00:00:00.000Z,6.4,98,36.2,30.5,48.4,13.751,1350
2026-05-08T00:00:00.000Z,18,297,65.2,55.6,77.4,16.198,1331
2026-05-09T00:00:00.000Z,24.4,153.25,75,65.59,90.25,16.693,1349
2026-05-10T00:00:00.000Z,2.75,211.25,79.8,30.5,98.6,34.618,1346
2026-05-11T00:00:00.000Z,0,275.5,32.79,23.1,40.4,19.604,1336
2026-05-12T00:00:00.000Z,4.8,223,31.63,20.75,48.4,25.964,1346
2026-05-13T00:00:00.000Z,6.25,225.5,33.75,28.2,50.4,34.328,1206
2026-05-14T00:00:00.000Z,2.25,176,20.1,11.75,40.4,24.197,982
2026-05-15T00:00:00.000Z,4.25,139.33,28.88,19.2,38.2,15.42,1122
2026-05-16T00:00:00.000Z,3,167.5,38,18,47,20.002,1329
2026-05-17T00:00:00.000Z,0.2,327,43.5,17.2,55.5,37.391,1349
2026-05-18T00:00:00.000Z,1,186.75,28.23,17.8,39.25,21.375,1226
2026-05-19T00:00:00.000Z,4.59,140,37.75,21.6,56.8,23.373,1258
2026-05-20T00:00:00.000Z,0,131.33,19.5,11.5,32.25,21.523,1337
2026-05-21T00:00:00.000Z,0.75,106.67,11.8,9,16.39,8.633,1346
2026-05-22T00:00:00.000Z,0,383,20,11.2,47.8,37.127,1302
2026-05-23T00:00:00.000Z,0,202.25,12,7.6,33,21.532,1327
2026-05-24T00:00:00.000Z,0,504.6,26.5,13.2,45.4,40.748,1342
2026-05-25T00:00:00.000Z,0,147.66,21.63,7.8,41.8,21.426,1334
2026-05-26T00:00:00.000Z,0,346.8,36.25,6.8,55,39.436,1351
2026-05-27T00:00:00.000Z,0,428,24.2,10.6,66.4,59.375,1351
2026-05-28T00:00:00.000Z,0,762.83,26.67,10.6,68.2,52.234,1335
2026-05-29T00:00:00.000Z,15,175.75,45.9,30.6,65.25,21.93,1294
2026-05-30T00:00:00.000Z,8.4,172.75,28.5,23.5,37.75,14.129,1348
2026-05-31T00:00:00.000Z,6.4,40,22.5,19,26.75,5.625,1343
2026-06-01T00:00:00.000Z,10.25,159.25,34.25,31,42.5,21.967,1278
2026-06-02T00:00:00.000Z,13.5,47.4,33.4,31.8,36.1,3.89,593